pose_id,vina_score,theta,phi,proj_distance
pose0001,-6.8101,-0.9716210580652467,2.8061828099517734,0.05490651516933164
pose0002,-5.7118,-1.4996501701575498,2.790815185928463,0.14631104150698232
pose0003,-5.6489,-2.3222494020240814,1.5403196919949134,0.9795826212706391
pose0004,-6.3798,-0.9020765594789624,1.8323394556527515,0.6321809148983036
pose0005,-6.3509,-0.6726156868040509,1.8246984178877055,0.5775061613876499
