pose_id,vina_score,theta,phi,proj_distance,cluster_id
pose0001,-6.8101,-0.9498212914043345,2.8046692586138993,0.12685489771848044,1
pose0002,-5.7118,-1.487278179143107,2.791436415084552,0.1597803243432016,1
pose0004,-6.3798,-0.905521516631147,1.8392988698474066,0.6515975312972897,2
pose0005,-6.3509,-0.6744459781453434,1.819647441746357,0.5852903101866923,2
pose0003,-5.6489,-2.322269792435746,1.5405918638472824,0.9795990651936751,3
