cluster_id,n_poses,best_pose_id,best_vina_score,vina_score_min,vina_score_max,vina_score_avg,vina_score_stddev,theta_centroid,phi_centroid
1,2,pose0001,-6.8101,-6.8101,-5.7118,-6.26095,0.54915,-1.223643331851821,2.8094772981204557
2,2,pose0004,-6.3798,-6.3798,-6.3509,-6.36535,0.014450000000000074,-0.7896820031457735,1.831132185201716
3,1,pose0003,-5.6489,-5.6489,-5.6489,-5.6489,0.0,-2.322269792435746,1.5405918638472824
